sample,site,lat,long,pik,RR1,RR2,RR3,RR4,pop,S,group,species,Idnotes,micro_,
NSW1048827,S2178_2018-06-19,-30.886186,153.075725,popnInfo003147,S2178_2018-06-19,S2178_2018-06-19,S2178_2018-06-19,,,Arakoon,North_Coast,helianthi,,,
NSW1027525,S2178_2018-06-19,-30.886363,153.075758,popnInfo003147,S2178_2018-06-19,S2178_2018-06-19,S2178_2018-06-19,,,Arakoon,North_Coast,helianthi,,,
NSW1048823,S2178_2018-06-19,-30.886182,153.075719,popnInfo003147,S2178_2018-06-19,S2178_2018-06-19,S2178_2018-06-19,,,Arakoon,North_Coast,helianthi,,,
NSW1048824,S2178_2018-06-19,-30.886448,153.07573,popnInfo003147,S2178_2018-06-19,S2178_2018-06-19,S2178_2018-06-19,S2178_2018-06-20,,Arakoon,North_Coast,helianthi,,,
NSW1048828,S2178_2018-06-19,-30.886525,153.075859,popnInfo003147,S2178_2018-06-19,S2178_2018-06-19,S2178_2018-06-19,,,Arakoon,North_Coast,helianthi,,,
NSW1048826,S2178_2018-06-19,-30.886277,153.07561,popnInfo003147,S2178_2018-06-19,S2178_2018-06-19,S2178_2018-06-19,,,Arakoon,North_Coast,helianthi,,,
NSW1006873,S46_2015-11-11,-34.325441,150.475397,popnInfo000593,S46_2015-11-11,S46_2015-11-11,S46_2015-11-11,,,Bargo_SCA,Central_West,helianthi,,,
NSW1006798,S46_2015-11-11,-34.325318,150.475527,popnInfo000593,S46_2015-11-11,S46_2015-11-11,S46_2015-11-11,,,Bargo_SCA,Central_West,helianthi,,,
NSW1006713,S46_2015-11-11,-34.32503,150.474264,popnInfo000593,S46_2015-11-11,S46_2015-11-11,S46_2015-11-11,,,Bargo_SCA,Central_West,helianthi,,,
NSW1006707,S46_2015-11-11,-34.324677,150.473635,popnInfo000593,S46_2015-11-11,S46_2015-11-11,S46_2015-11-11,,,Bargo_SCA,Central_West,helianthi,,,
NSW1006714,S46_2015-11-11,-34.325154,150.474102,popnInfo000593,S46_2015-11-11,S46_2015-11-11,S46_2015-11-11,,,Bargo_SCA,Central_West,helianthi,,,
NSW1006820,S46_2015-11-11,-34.325541,150.475165,popnInfo000593,S46_2015-11-11,S46_2015-11-11,S46_2015-11-11,,,Bargo_SCA,Central_West,helianthi,,,
NSW1021123,S249_2017-04-13,-33.401663,151.477588,popnInfo000926,S249_2017-04-13,S249_2017-04-13,S249_2017-04-13,,,Bateau_Bay,Sydney_Coast,helianthi,,,
NSW1021139,S249_2017-04-13,-33.400994,151.477404,popnInfo000926,S249_2017-04-13,S249_2017-04-13,S249_2017-04-13,,,Bateau_Bay,Sydney_Coast,helianthi,,,
NSW1021129,S249_2017-04-13,-33.401428,151.477685,popnInfo000926,S249_2017-04-13,S249_2017-04-13,S249_2017-04-13,,,Bateau_Bay,Sydney_Coast,helianthi,,,
NSW1021135,S249_2017-04-13,-33.400953,151.477753,popnInfo000926,S249_2017-04-13,S249_2017-04-13,S249_2017-04-13,S249_2017-04-14,,Bateau_Bay,Sydney_Coast,helianthi,,,
NSW1021117,S249_2017-04-13,-33.401743,151.477528,popnInfo000926,S249_2017-04-13,S249_2017-04-13,S249_2017-04-13,,,Bateau_Bay,Sydney_Coast,helianthi,,,
NSW1021141,S249_2017-04-13,-33.400897,151.477311,popnInfo000926,S249_2017-04-13,S249_2017-04-13,S249_2017-04-13,,,Bateau_Bay,Sydney_Coast,helianthi,,,
NSW1006891,Wollemi_National_Park_2015-10-15,-33.49153,150.49847,No_data,Wollemi_National_Park_2015-10-15,Wollemi_2015-10-qq,Wollemi_2015-10-qq,,,Bilpin,Central_West,helianthi,,,
NSW1006893,Wollemi_National_Park_2015-10-15,-33.49162,150.49837,No_data,Wollemi_National_Park_2015-10-15,Wollemi_2015-10-qq,Wollemi_2015-10-qq,,,Bilpin,Central_West,helianthi,,,
NSW1006875,Wollemi_National_Park_2015-10-15,-33.49126,150.49774,No_data,Wollemi_National_Park_2015-10-15,Wollemi_2015-10-qq,Wollemi_2015-10-qq,,,Bilpin,Central_West,helianthi,,,
NSW1006757,Wollemi_National_Park_2015-10-17,-33.49137,150.49821,No_data,Wollemi_National_Park_2015-10-17,Wollemi_2015-10-qq,Wollemi_2015-10-qq,,,Bilpin,Central_West,helianthi,,,
NSW933230,Wollemi_National_Park_2015-11-10,-33.49154,150.49832,No_data,Wollemi_National_Park_2015-11-10,Wollemi_2015-10-qq,Wollemi_2015-10-qq,,,Bilpin,Central_West,helianthi,,,
NSW1006855,Wollemi_National_Park_2015-10-17,-33.49128,150.49748,No_data,Wollemi_National_Park_2015-10-17,Wollemi_2015-10-qq,Wollemi_2015-10-qq,,,Bilpin,Central_West,helianthi,,,
NSW1009774,S46_2016-04-19,-33.526151,151.399507,popnInfo000682,S46_2016-04-19,S46_2016-04-19,S46_2016-04-19,,,Bouddi_NP,Sydney_Coast,helianthi,,,
NSW1009806,S46_2016-04-19,-33.526174,151.399528,popnInfo000682,S46_2016-04-19,S46_2016-04-19,S46_2016-04-19,,,Bouddi_NP,Sydney_Coast,helianthi,,,
NSW1009832,S46_2016-04-19,-33.526092,151.399415,popnInfo000682,S46_2016-04-19,S46_2016-04-19,S46_2016-04-19,,,Bouddi_NP,Sydney_Coast,helianthi,,,
NSW1008925,S46_2016-04-19,-33.525981,151.399293,popnInfo000682,S46_2016-04-19,S46_2016-04-19,S46_2016-04-19,,,Bouddi_NP,Sydney_Coast,helianthi,,,
NSW1009801,S46_2016-04-19,-33.526477,151.400203,popnInfo000682,S46_2016-04-19,S46_2016-04-19,S46_2016-04-19,,,Bouddi_NP,Sydney_Coast,helianthi,,,
NSW1009817,S46_2016-04-19,-33.526488,151.400263,popnInfo000682,S46_2016-04-19,S46_2016-04-19,S46_2016-04-19,S46_2016-04-20,,Bouddi_NP,Sydney_Coast,helianthi,,,
NSW1020339,S180_2017-03-29,-35.109122,150.660562,popnInfo000953,S180_2017-03-29,S180_2017-03-29,S180_2017-03-29,,,Bream_Beach,South_Coast,helianthi,,,
NSW1020306,S180_2017-03-29,-35.108942,150.660501,popnInfo000953,S180_2017-03-29,S180_2017-03-29,S180_2017-03-29,,,Bream_Beach,South_Coast,helianthi,,,
NSW1020318,S180_2017-03-29,-35.110239,150.661011,popnInfo000953,S180_2017-03-29,S180_2017-03-29,S180_2017-03-29,,,Bream_Beach,South_Coast,helianthi,,,
NSW1020027,S180_2017-03-29,-35.108783,150.660215,popnInfo000953,S180_2017-03-29,S180_2017-03-29,S180_2017-03-29,,,Bream_Beach,South_Coast,helianthi,,,
NSW1020309,S180_2017-03-29,-35.109102,150.660288,popnInfo000953,S180_2017-03-29,S180_2017-03-29,S180_2017-03-29,S180_2017-03-30,,Bream_Beach,South_Coast,helianthi,,,
NSW1020312,S180_2017-03-29,-35.109286,150.660371,popnInfo000953,S180_2017-03-29,S180_2017-03-29,S180_2017-03-29,,,Bream_Beach,South_Coast,helianthi,,,
NSW932966,S34_2015-09-17,-33.407403,150.942395,popnInfo000624,S34_2015-09-17,S34_2015-09-17,S34_2015-09-17,,,Colo,Central_West,helianthi,,,
NSW932970,S34_2015-09-17,-33.407455,150.94244,popnInfo000624,S34_2015-09-17,S34_2015-09-17,S34_2015-09-17,,,Colo,Central_West,helianthi,,,
NSW932969,S34_2015-09-17,-33.407437,150.942434,popnInfo000624,S34_2015-09-17,S34_2015-09-17,S34_2015-09-17,,,Colo,Central_West,helianthi,,,
NSW932964,S34_2015-09-17,-33.407544,150.94269,popnInfo000624,S34_2015-09-17,S34_2015-09-17,S34_2015-09-17,,,Colo,Central_West,helianthi,,,
NSW933132,S34_2015-09-17,-33.407465,150.942465,popnInfo000624,S34_2015-09-17,S34_2015-09-17,S34_2015-09-17,,,Colo,Central_West,helianthi,,,
NSW932965,S34_2015-09-17,-33.407537,150.942683,popnInfo000624,S34_2015-09-17,S34_2015-09-17,S34_2015-09-17,,,Colo,Central_West,helianthi,,,
NSW1027022,S687_2017-08-18,-33.261418,150.641116,popnInfo1831,S687_2017-08-18,S687_2017-08-18,S687_2017-08-18,,,Colo_Heights_E,Central_West,helianthi,,,
NSW1027024,S687_2017-08-18,-33.261318,150.641461,popnInfo1831,S687_2017-08-18,S687_2017-08-18,S687_2017-08-18,,,Colo_Heights_E,Central_West,helianthi,,,
NSW1027025,S687_2017-08-18,-33.261308,150.641349,popnInfo1831,S687_2017-08-18,S687_2017-08-18,S687_2017-08-18,,,Colo_Heights_E,Central_West,helianthi,,,
NSW1027021,S687_2017-08-18,-33.261413,150.641271,popnInfo1831,S687_2017-08-18,S687_2017-08-18,S687_2017-08-18,,,Colo_Heights_E,Central_West,helianthi,,,
NSW1027020,S687_2017-08-18,-33.261756,150.643997,popnInfo1831,S687_2017-08-18,S687_2017-08-18,S687_2017-08-18,,,Colo_Heights_E,Central_West,helianthi,,,
NSW1027023,S687_2017-08-18,-33.261136,150.641339,popnInfo1831,S687_2017-08-18,S687_2017-08-18,S687_2017-08-18,,,Colo_Heights_E,Central_West,helianthi,,,
NSW1020486,S51_2016-12-16,-33.271672,150.590341,popnInfo1919,S51_2016-12-16,S51_2016-12-16,S51_2016-12-16,,,Colo_Heights_W,Central_West,helianthi,,,
NSW1020488,S51_2016-12-16,-33.271931,150.590019,popnInfo1919,S51_2016-12-16,S51_2016-12-16,S51_2016-12-16,S51_2016-12-17,,Colo_Heights_W,Central_West,helianthi,,,
NSW1020485,S51_2016-12-16,-33.271453,150.590638,popnInfo1919,S51_2016-12-16,S51_2016-12-16,S51_2016-12-16,,,Colo_Heights_W,Central_West,helianthi,,,
NSW1020484,S51_2016-12-16,-33.271453,150.590638,popnInfo1919,S51_2016-12-16,S51_2016-12-16,S51_2016-12-16,,,Colo_Heights_W,Central_West,helianthi,,,
NSW1020487,S51_2016-12-16,-33.271797,150.590247,popnInfo1919,S51_2016-12-16,S51_2016-12-16,S51_2016-12-16,,,Colo_Heights_W,Central_West,helianthi,,,
NSW1020483,S51_2016-12-16,-33.271135,150.591141,popnInfo1919,S51_2016-12-16,S51_2016-12-16,S51_2016-12-16,,,Colo_Heights_W,Central_West,helianthi,,,
NSW1018189,S441_2017-05-27,-29.177472,153.39086,popnInfo1519,S441_2017-05-27,S441_2017-05-27,S441_2017-05-27,,,Evens_Head,North_Coast,helianthi,,,
NSW1018164,S441_2017-05-27,-29.177418,153.390724,popnInfo1519,S441_2017-05-27,S441_2017-05-27,S441_2017-05-27,,,Evens_Head,North_Coast,helianthi,,,
NSW1018129,S441_2017-05-27,-29.177207,153.390545,popnInfo1519,S441_2017-05-27,S441_2017-05-27,S441_2017-05-27,,,Evens_Head,North_Coast,helianthi,,,
NSW1018154,S441_2017-05-27,-29.177547,153.390576,popnInfo1519,S441_2017-05-27,S441_2017-05-27,S441_2017-05-27,,,Evens_Head,North_Coast,helianthi,,,
NSW1018216,S441_2017-05-27,-29.177452,153.390739,popnInfo1519,S441_2017-05-27,S441_2017-05-27,S441_2017-05-27,,,Evens_Head,North_Coast,helianthi,,,
NSW1011113,S30_2016-03-18,-33.667834,150.544704,popnInfo001361,S30_2016-03-18,S30_2016-03-18,S30_2016-03-18,,,Faulconbridge,Central_West,helianthi,,,
NSW1011112,S30_2016-03-18,-33.667171,150.543464,popnInfo001361,S30_2016-03-18,S30_2016-03-18,S30_2016-03-18,,,Faulconbridge,Central_West,helianthi,,,
NSW1011102,S30_2016-03-18,-33.667013,150.543154,popnInfo001361,S30_2016-03-18,S30_2016-03-18,S30_2016-03-18,,,Faulconbridge,Central_West,helianthi,,,
NSW1011117,S30_2016-03-18,-33.667453,150.543864,popnInfo001361,S30_2016-03-18,S30_2016-03-18,S30_2016-03-18,,,Faulconbridge,Central_West,helianthi,,,
NSW1011084,S30_2016-03-18,-33.667456,150.54388,popnInfo001361,S30_2016-03-18,S30_2016-03-18,S30_2016-03-18,,,Faulconbridge,Central_West,helianthi,,,
NSW1011097,S30_2016-03-18,-33.667009,150.543191,popnInfo001361,S30_2016-03-18,S30_2016-03-18,S30_2016-03-18,,,Faulconbridge,Central_West,helianthi,,,
NSW1008900,Heathcote_National_Park_2015-10-14,-34.18424,150.98,No_data,Heathcote_National_Park_2015-10-14,Heathcote_National_Park_2015-10-14,Heathcote_National_Park_2015-10-14,,,Fernance_(Yengo),Central_West,helianthi,,,
NSW1008921,Heathcote_National_Park_2015-10-14,-33.16944,150.99333,No_data,Heathcote_National_Park_2015-10-14,Heathcote_National_Park_2015-10-14,Heathcote_National_Park_2015-10-14,,,Fernance_(Yengo),Central_West,helianthi,,,
NSW1008926,Heathcote_National_Park_2015-10-14,-33.16936,150.99312,No_data,Heathcote_National_Park_2015-10-14,Heathcote_National_Park_2015-10-14,Heathcote_National_Park_2015-10-14,,,Fernance_(Yengo),Central_West,helianthi,,,
NSW1008916,Heathcote_National_Park_2015-10-14,-34.16938,150.99336,No_data,Heathcote_National_Park_2015-10-14,Heathcote_National_Park_2015-10-14,Heathcote_National_Park_2015-10-14,,,Fernance_(Yengo),Central_West,helianthi,,,
NSW1008915,Heathcote_National_Park_2015-10-14,-34.16934,150.9931,No_data,Heathcote_National_Park_2015-10-14,Heathcote_National_Park_2015-10-14,Heathcote_National_Park_2015-10-14,,,Fernance_(Yengo),Central_West,helianthi,,,
NSW1008910,Heathcote_National_Park_2015-10-14,-34.16959,150.99643,No_data,Heathcote_National_Park_2015-10-14,Heathcote_National_Park_2015-10-14,Heathcote_National_Park_2015-10-14,,,Fernance_(Yengo),Central_West,helianthi,,,
NSW1035794,S1914_2018-05-15,-29.830831,151.134407,popnInfo003295,S1914_2018-05-15,S1914_2018-05-15,S1914_2018-05-15,,,Goonoowigal_SCA,North_West,helianthi,,,
NSW1035800,S1914_2018-05-15,-29.830774,151.134039,popnInfo003295,S1914_2018-05-15,S1914_2018-05-15,S1914_2018-05-15,,,Goonoowigal_SCA,North_West,helianthi,,,
NSW1035798,S1914_2018-05-15,-29.830837,151.133928,popnInfo003295,S1914_2018-05-15,S1914_2018-05-15,S1914_2018-05-15,,,Goonoowigal_SCA,North_West,helianthi,,,
NSW1035805,S1914_2018-05-15,-29.83082,151.133759,popnInfo003295,S1914_2018-05-15,S1914_2018-05-15,S1914_2018-05-15,,,Goonoowigal_SCA,North_West,helianthi,,,
NSW1035804,S1914_2018-05-15,-29.830821,151.133263,popnInfo003295,S1914_2018-05-15,S1914_2018-05-15,S1914_2018-05-15,,,Goonoowigal_SCA,North_West,helianthi,,,
NSW1035803,S1914_2018-05-15,-29.830747,151.133112,popnInfo003295,S1914_2018-05-15,S1914_2018-05-15,S1914_2018-05-15,,,Goonoowigal_SCA,North_West,helianthi,,,
NSW1013361,S465_2017-05-28,-31.026029,153.025082,popnInfo1624,S465_2017-05-28,S465_2017-05-28,S465_2017-05-28,,,Hat_Head,North_Coast,helianthi,,,
NSW1017675,S465_2017-05-28,-31.026494,153.025244,popnInfo1624,S465_2017-05-28,S465_2017-05-28,S465_2017-05-28,,,Hat_Head,North_Coast,helianthi,,,
NSW1013391,S465_2017-05-28,-31.025579,153.025107,popnInfo1624,S465_2017-05-28,S465_2017-05-28,S465_2017-05-28,,,Hat_Head,North_Coast,helianthi,,,
NSW1013381,S465_2017-05-28,-31.025915,153.024951,popnInfo1624,S465_2017-05-28,S465_2017-05-28,S465_2017-05-28,,,Hat_Head,North_Coast,helianthi,,,
NSW1013346,S465_2017-05-28,-31.026152,153.025219,popnInfo1624,S465_2017-05-28,S465_2017-05-28,S465_2017-05-28,,,Hat_Head,North_Coast,helianthi,,,
NSW1013396,S465_2017-05-28,-31.02575,153.025,popnInfo1624,S465_2017-05-28,S465_2017-05-28,S465_2017-05-28,,,Hat_Head,North_Coast,helianthi,,,
NSW1009818,S82_2016-04-12,-32.642769,152.18852,popnInfo000691,S82_2016-04-12,S82_2016-04-12,S82_2016-04-12,,,Hawks_Nest,Sydney_Coast,helianthi,,,
NSW1009843,S82_2016-04-12,-32.642504,152.1892,popnInfo000691,S82_2016-04-12,S82_2016-04-12,S82_2016-04-12,,,Hawks_Nest,Sydney_Coast,helianthi,,,
NSW1009834,S82_2016-04-12,-32.642513,152.188906,popnInfo000691,S82_2016-04-12,S82_2016-04-12,S82_2016-04-12,,,Hawks_Nest,Sydney_Coast,helianthi,,,
NSW1009828,S82_2016-04-12,-32.642613,152.189308,popnInfo000691,S82_2016-04-12,S82_2016-04-12,S82_2016-04-12,,,Hawks_Nest,Sydney_Coast,helianthi,,,
NSW1008764,S82_2016-04-12,-32.642507,152.188998,popnInfo000691,S82_2016-04-12,S82_2016-04-12,S82_2016-04-12,,,Hawks_Nest,Sydney_Coast,helianthi,,,
NSW1009823,S82_2016-04-12,-32.642807,152.188751,popnInfo000691,S82_2016-04-12,S82_2016-04-12,S82_2016-04-12,,,Hawks_Nest,Sydney_Coast,helianthi,,,
NSW1008895,Heathcote_National_Park_2015-10-15,-34.18442,150.97971,No_data,Heathcote_National_Park_2015-10-15,Heathcote_National_Park_2015-10-15,Heathcote_National_Park_2015-10-15,,,Helensburgh,Sydney_Coast,helianthi,,,
NSW1008880,Heathcote_National_Park_2015-10-15,-34.18495,150.97943,No_data,Heathcote_National_Park_2015-10-15,Heathcote_National_Park_2015-10-15,Heathcote_National_Park_2015-10-15,,,Helensburgh,Sydney_Coast,helianthi,,,
NSW1008890,Heathcote_National_Park_2015-10-15,-34.18438,150.97983,No_data,Heathcote_National_Park_2015-10-15,Heathcote_National_Park_2015-10-15,Heathcote_National_Park_2015-10-15,,,Helensburgh,Sydney_Coast,helianthi,,,
NSW1008885,Heathcote_National_Park_2015-10-15,-34.18463,150.97961,No_data,Heathcote_National_Park_2015-10-15,Heathcote_National_Park_2015-10-15,Heathcote_National_Park_2015-10-15,,,Helensburgh,Sydney_Coast,helianthi,,,
NSW1008870,Heathcote_National_Park_2015-10-15,-34.18506,150.97903,No_data,Heathcote_National_Park_2015-10-15,Heathcote_National_Park_2015-10-15,Heathcote_National_Park_2015-10-15,,,Helensburgh,Sydney_Coast,helianthi,,,
NSW1008839,Heathcote_National_Park_2015-10-15,-34.16956,150.99657,No_data,Heathcote_National_Park_2015-10-15,Heathcote_National_Park_2015-10-15,Heathcote_National_Park_2015-10-15,,,Helensburgh,Sydney_Coast,helianthi,,,
NSW1008889,Heathcote_National_Park_2015-10-15,-34.1694,150.99336,No_data,Heathcote_National_Park_2015-10-15,Heathcote_National_Park_2015-10-15,Heathcote_National_Park_2015-10-15,,,Helensburgh,Sydney_Coast,helianthi,,,
NSW1013696,S324_2016-11-10,-33.794615,150.403657,popnInfo001089,S324_2016-11-10,S324_2016-11-10,S324_2016-11-10,,,Kings_Tableland,Central_West,helianthi,,,
NSW1014815,S324_2016-11-10,-33.794653,150.403853,popnInfo001089,S324_2016-11-10,S324_2016-11-10,S324_2016-11-10,,,Kings_Tableland,Central_West,helianthi,,,
NSW1013935,S324_2016-11-10,-33.794634,150.404106,popnInfo001089,S324_2016-11-10,S324_2016-11-10,S324_2016-11-10,,,Kings_Tableland,Central_West,helianthi,,,
NSW1014805,S324_2016-11-10,-33.794656,150.404349,popnInfo001089,S324_2016-11-10,S324_2016-11-10,S324_2016-11-10,,,Kings_Tableland,Central_West,helianthi,,,
NSW1013922,S324_2016-11-10,-33.794601,150.40416,popnInfo001089,S324_2016-11-10,S324_2016-11-10,S324_2016-11-10,,,Kings_Tableland,Central_West,helianthi,,,
NSW1014820,S324_2016-11-10,-33.794696,150.403435,popnInfo001089,S324_2016-11-10,S324_2016-11-10,S324_2016-11-10,,,Kings_Tableland,Central_West,helianthi,,,
NSW1010514,S244_2016-05-11,-34.037928,151.215155,popnInfo000259,S244_2016-05-11,S244_2016-05-11,S244_2016-05-11,,,Kurnell,Sydney_Coast,helianthi,,,
NSW1010487,S244_2016-05-11,-34.037474,151.215096,popnInfo000259,S244_2016-05-11,S244_2016-05-11,S244_2016-05-11,,,Kurnell,Sydney_Coast,helianthi,,,
NSW1010519,S244_2016-05-11,-34.037486,151.215556,popnInfo000259,S244_2016-05-11,S244_2016-05-11,S244_2016-05-11,,,Kurnell,Sydney_Coast,helianthi,,,
NSW1010529,S244_2016-05-11,-34.037702,151.215678,popnInfo000259,S244_2016-05-11,S244_2016-05-11,S244_2016-05-11,,,Kurnell,Sydney_Coast,helianthi,,,
NSW1010509,S244_2016-05-11,-34.037928,151.215155,popnInfo000259,S244_2016-05-11,S244_2016-05-11,S244_2016-05-11,,,Kurnell,Sydney_Coast,helianthi,,,
NSW1010524,S244_2016-05-11,-34.037469,151.215838,popnInfo000259,S244_2016-05-11,S244_2016-05-11,S244_2016-05-11,,,Kurnell,Sydney_Coast,helianthi,,,
NSW1006987,S43_2015-10-16,-33.791517,151.145788,popnInfo000602,S43_2015-10-16,S43_2015-10-16,S43_2015-10-16,,,Lane_Cove,Sydney_Coast,helianthi,,,
NSW1006920,S43_2015-10-16,-33.791791,151.145795,popnInfo000602,S43_2015-10-16,S43_2015-10-16,S43_2015-10-16,,,Lane_Cove,Sydney_Coast,helianthi,,,
NSW1006983,S43_2015-10-16,-33.791266,151.145707,popnInfo000602,S43_2015-10-16,S43_2015-10-16,S43_2015-10-16,,,Lane_Cove,Sydney_Coast,helianthi,,,
NSW1006912,S43_2015-10-16,-33.792562,151.145572,popnInfo000602,S43_2015-10-16,S43_2015-10-16,S43_2015-10-16,,,Lane_Cove,Sydney_Coast,helianthi,,,
NSW1006981,S43_2015-10-16,-33.792167,151.145446,popnInfo000602,S43_2015-10-16,S43_2015-10-16,S43_2015-10-16,,,Lane_Cove,Sydney_Coast,helianthi,,,
NSW932569,Blue_Mountains_National_Park_2015-06-11,-33.57976,150.36446,No_data,Blue_Mountains_National_Park_2015-06-11,Blue_Mountains_National_Park_2015-06-11,Blue_Mountains_National_Park_2015-06-11,,,Mt_Banks,Central_West,helianthi,,,
NSW932564,Blue_Mountains_National_Park_2015-06-11,-33.5797,150.36427,No_data,Blue_Mountains_National_Park_2015-06-11,Blue_Mountains_National_Park_2015-06-11,Blue_Mountains_National_Park_2015-06-11,,,Mt_Banks,Central_West,helianthi,,,
NSW932698,Blue_Mountains_National_Park_2015-06-11,-33.578855,150.36647,No_data,Blue_Mountains_National_Park_2015-06-11,Blue_Mountains_National_Park_2015-06-11,Blue_Mountains_National_Park_2015-06-11,,,Mt_Banks,Central_West,helianthi,,,
NSW932693,Blue_Mountains_National_Park_2015-06-11,-33.57886,150.36638,No_data,Blue_Mountains_National_Park_2015-06-11,Blue_Mountains_National_Park_2015-06-11,Blue_Mountains_National_Park_2015-06-11,,,Mt_Banks,Central_West,helianthi,,,
NSW932679,Blue_Mountains_National_Park_2015-06-11,-33.5798,150.36496,No_data,Blue_Mountains_National_Park_2015-06-11,Blue_Mountains_National_Park_2015-06-11,Blue_Mountains_National_Park_2015-06-11,,,Mt_Banks,Central_West,helianthi,,,
NSW1015900,S232_2016-10-13,-33.542701,150.346044,popnInfo001128,S232_2016-10-13,S232_2016-10-13,S232_2016-10-13,,,Mt_Wilson,Central_West,helianthi,,,
NSW1015902,S232_2016-10-13,-33.54225,150.347496,popnInfo001128,S232_2016-10-13,S232_2016-10-13,S232_2016-10-13,,,Mt_Wilson,Central_West,helianthi,,,
NSW1015903,S232_2016-10-13,-33.54234,150.347402,popnInfo001128,S232_2016-10-13,S232_2016-10-13,S232_2016-10-13,,,Mt_Wilson,Central_West,helianthi,,,
NSW1015927,S232_2016-10-13,-33.542629,150.345878,popnInfo001128,S232_2016-10-13,S232_2016-10-13,S232_2016-10-13,,,Mt_Wilson,Central_West,helianthi,,,
NSW1015899,S232_2016-10-13,-33.542629,150.345878,popnInfo001128,S232_2016-10-13,S232_2016-10-13,S232_2016-10-13,,,Mt_Wilson,Central_West,helianthi,,,
NSW1015901,S232_2016-10-13,-33.542349,150.347378,popnInfo001128,S232_2016-10-13,S232_2016-10-13,S232_2016-10-13,,,Mt_Wilson,Central_West,helianthi,,,
NSW1020241,S159_2017-03-15,-33.193796,151.618438,popnInfo000978,S159_2017-03-15,S159_2017-03-15,S159_2017-03-15,,,Munmorah_SCA,Sydney_Coast,helianthi,,,
NSW1020239,S159_2017-03-15,-33.193766,151.618447,popnInfo000978,S159_2017-03-15,S159_2017-03-15,S159_2017-03-15,,,Munmorah_SCA,Sydney_Coast,helianthi,,,
NSW1019728,S159_2017-03-15,-33.196372,151.621327,popnInfo000978,S159_2017-03-15,S159_2017-03-15,S159_2017-03-15,,,Munmorah_SCA,Sydney_Coast,helianthi,,,
NSW1020237,S159_2017-03-15,-33.193434,151.618498,popnInfo000978,S159_2017-03-15,S159_2017-03-15,S159_2017-03-15,,,Munmorah_SCA,Sydney_Coast,helianthi,,,
NSW1020143,S159_2017-03-15,-33.194176,151.619569,popnInfo000978,S159_2017-03-15,S159_2017-03-15,S159_2017-03-15,,,Munmorah_SCA,Sydney_Coast,helianthi,,,
NSW1019731,S159_2017-03-15,-33.196284,151.62138,popnInfo000978,S159_2017-03-15,S159_2017-03-15,S159_2017-03-15,,,Munmorah_SCA,Sydney_Coast,helianthi,,,
NSW1021706,S321_2017-05-10,-30.540808,149.667227,popnInfo1434,S321_2017-05-10,S321_2017-05-10,S321_2017-05-10,,,Narrabri,North_West,helianthi,,,
NSW1021700,S321_2017-05-10,-30.540739,149.666945,popnInfo1434,S321_2017-05-10,S321_2017-05-10,S321_2017-05-10,S321_2017-05-11,,Narrabri,North_West,helianthi,,,
NSW1021695,S321_2017-05-10,-30.541003,149.66687,popnInfo1434,S321_2017-05-10,S321_2017-05-10,S321_2017-05-10,,,Narrabri,North_West,helianthi,,,
NSW1021705,S321_2017-05-10,-30.540808,149.667228,popnInfo1434,S321_2017-05-10,S321_2017-05-10,S321_2017-05-10,,,Narrabri,North_West,helianthi,,,
NSW1021685,S321_2017-05-10,-30.541079,149.66776,popnInfo1434,S321_2017-05-10,S321_2017-05-10,S321_2017-05-10,,,Narrabri,North_West,helianthi,,,
NSW1021690,S321_2017-05-10,-30.541162,149.668222,popnInfo1434,S321_2017-05-10,S321_2017-05-10,S321_2017-05-10,,,Narrabri,North_West,helianthi,,,
NSW1008774,S21_2016-03-14,-33.818784,151.299358,popnInfo000850,S21_2016-03-14,S21_2016-03-14,S21_2016-03-14,,,North_Head,Sydney_Coast,helianthi,,,
NSW1009055,S21_2016-03-14,-33.819266,151.299249,popnInfo000850,S21_2016-03-14,S21_2016-03-14,S21_2016-03-14,,,North_Head,Sydney_Coast,helianthi,,,
NSW1009050,S21_2016-03-14,-33.819087,151.29919,popnInfo000850,S21_2016-03-14,S21_2016-03-14,S21_2016-03-14,S21_2016-03-15,,North_Head,Sydney_Coast,helianthi,,,
NSW1009010,S21_2016-03-14,-33.81882,151.299149,popnInfo000850,S21_2016-03-14,S21_2016-03-14,S21_2016-03-14,,,North_Head,Sydney_Coast,helianthi,,,
NSW1009045,S21_2016-03-14,-33.819162,151.29919,popnInfo000850,S21_2016-03-14,S21_2016-03-14,S21_2016-03-14,,,North_Head,Sydney_Coast,helianthi,,,
NSW1009084,S21_2016-03-14,-33.819078,151.299855,popnInfo000850,S21_2016-03-14,S21_2016-03-14,S21_2016-03-14,,,North_Head,Sydney_Coast,helianthi,,,
NSW1017177,S50_2016-08-18,-33.68191,151.152294,popnInfo000494,S50_2016-08-18,S50_2016-08-18,S50_2016-08-18,,,North_Turramurra,Sydney_Coast,helianthi,,,
NSW1017172,S50_2016-08-18,-33.681997,151.152084,popnInfo000494,S50_2016-08-18,S50_2016-08-18,S50_2016-08-18,,,North_Turramurra,Sydney_Coast,helianthi,,,
NSW1017182,S50_2016-08-18,-33.681878,151.152295,popnInfo000494,S50_2016-08-18,S50_2016-08-18,S50_2016-08-18,,,North_Turramurra,Sydney_Coast,helianthi,,,
NSW1012031,S50_2016-08-18,-33.681839,151.152318,popnInfo000494,S50_2016-08-18,S50_2016-08-18,S50_2016-08-18,,,North_Turramurra,Sydney_Coast,helianthi,,,
NSW1017202,S50_2016-08-18,-33.681972,151.15213,popnInfo000494,S50_2016-08-18,S50_2016-08-18,S50_2016-08-18,,,North_Turramurra,Sydney_Coast,helianthi,,,
NSW1017187,S50_2016-08-18,-33.681992,151.152103,popnInfo000494,S50_2016-08-18,S50_2016-08-18,S50_2016-08-18,,,North_Turramurra,Sydney_Coast,helianthi,,,
NSW1011013,S37_2016-04-13,-33.59581,150.337221,popnInfo000380,S37_2016-04-13,S37_2016-04-13,S37_2016-04-13,,,Perrys_Lookdown,Central_West,helianthi,,,
NSW1010976,S37_2016-04-13,-33.595557,150.337882,popnInfo000380,S37_2016-04-13,S37_2016-04-13,S37_2016-04-13,,,Perrys_Lookdown,Central_West,helianthi,,,
NSW1010971,S37_2016-04-13,-33.595563,150.337349,popnInfo000380,S37_2016-04-13,S37_2016-04-13,S37_2016-04-13,S37_2016-04-14,,Perrys_Lookdown,Central_West,helianthi,,,
NSW1010993,S37_2016-04-13,-33.595848,150.337205,popnInfo000380,S37_2016-04-13,S37_2016-04-13,S37_2016-04-13,,,Perrys_Lookdown,Central_West,helianthi,,,
NSW1010991,S37_2016-04-13,-33.595956,150.337199,popnInfo000380,S37_2016-04-13,S37_2016-04-13,S37_2016-04-13,,,Perrys_Lookdown,Central_West,helianthi,,,
NSW1010957,S37_2016-04-13,-33.595593,150.337802,popnInfo000380,S37_2016-04-13,S37_2016-04-13,S37_2016-04-13,,,Perrys_Lookdown,Central_West,helianthi,,,
NSW1021818,S303_2017-05-10,-31.014904,149.396217,popnInfo1468,S303_2017-05-10,S303_2017-05-10,S303_2017-05-10,,,Pilliga,North_West,helianthi,,,
NSW1021828,S303_2017-05-10,-31.014823,149.396127,popnInfo1468,S303_2017-05-10,S303_2017-05-10,S303_2017-05-10,,,Pilliga,North_West,helianthi,,,
NSW1021798,S303_2017-05-10,-31.014919,149.395897,popnInfo1468,S303_2017-05-10,S303_2017-05-10,S303_2017-05-10,,,Pilliga,North_West,helianthi,,,
NSW1021793,S303_2017-05-10,-31.01498,149.395662,popnInfo1468,S303_2017-05-10,S303_2017-05-10,S303_2017-05-10,,,Pilliga,North_West,helianthi,,,
NSW1021808,S303_2017-05-10,-31.014849,149.396227,popnInfo1468,S303_2017-05-10,S303_2017-05-10,S303_2017-05-10,,,Pilliga,North_West,helianthi,,,
NSW1021803,S303_2017-05-10,-31.01472,149.395969,popnInfo1468,S303_2017-05-10,S303_2017-05-10,S303_2017-05-10,S303_2017-05-11,,Pilliga,North_West,helianthi,,,
NSW1020609,S138_2017-03-01,-32.8011,150.90337,popnInfo000999,S138_2017-03-01,S138_2017-03-01,S138_2017-03-01,,,Putty_&_Old_Bulga,Central_West,helianthi,,,
NSW1020611,S138_2017-03-01,-32.800939,150.903246,popnInfo000999,S138_2017-03-01,S138_2017-03-01,S138_2017-03-01,,,Putty_&_Old_Bulga,Central_West,helianthi,,,
NSW1020610,S138_2017-03-01,-32.801104,150.90338,popnInfo000999,S138_2017-03-01,S138_2017-03-01,S138_2017-03-01,,,Putty_&_Old_Bulga,Central_West,helianthi,,,
NSW1020620,S138_2017-03-01,-32.800723,150.903139,popnInfo000999,S138_2017-03-01,S138_2017-03-01,S138_2017-03-01,,,Putty_&_Old_Bulga,Central_West,helianthi,,,
NSW1020613,S138_2017-03-01,-32.80093,150.903159,popnInfo000999,S138_2017-03-01,S138_2017-03-01,S138_2017-03-01,,,Putty_&_Old_Bulga,Central_West,helianthi,,,
NSW1020614,S138_2017-03-01,-32.800916,150.903164,popnInfo000999,S138_2017-03-01,S138_2017-03-01,S138_2017-03-01,,,Putty_&_Old_Bulga,Central_West,helianthi,,,
NSW1027506,S2190_2018-06-20,-29.984536,153.219205,popnInfo003140,S2190_2018-06-20,S2190_2018-06-20,S2190_2018-06-20,,,Red_Rock,North_Coast,helianthi,,,
NSW1027503,S2190_2018-06-20,-29.984522,153.219173,popnInfo003140,S2190_2018-06-20,S2190_2018-06-20,S2190_2018-06-20,S2190_2018-06-21,,Red_Rock,North_Coast,helianthi,,,
NSW1027502,S2190_2018-06-20,-29.984742,153.219216,popnInfo003140,S2190_2018-06-20,S2190_2018-06-20,S2190_2018-06-20,,,Red_Rock,North_Coast,helianthi,,,
NSW1027505,S2190_2018-06-20,-29.985072,153.219354,popnInfo003140,S2190_2018-06-20,S2190_2018-06-20,S2190_2018-06-20,,,Red_Rock,North_Coast,helianthi,,,
NSW1027500,S2190_2018-06-20,-29.98492,153.219231,popnInfo003140,S2190_2018-06-20,S2190_2018-06-20,S2190_2018-06-20,,,Red_Rock,North_Coast,helianthi,,,
NSW1027501,S2190_2018-06-20,-29.985097,153.219288,popnInfo003140,S2190_2018-06-20,S2190_2018-06-20,S2190_2018-06-20,,,Red_Rock,North_Coast,helianthi,,,
NSW1027494,S2193_2018-06-20,-30.008704,153.21194,popnInfo003138,S2193_2018-06-20,S2193_2018-06-20,S2193_2018-06-20,,,Red_Rock_Beach,North_Coast,helianthi,,,
NSW1027491,S2193_2018-06-20,-30.00931,153.212388,popnInfo003138,S2193_2018-06-20,S2193_2018-06-20,S2193_2018-06-20,,,Red_Rock_Beach,North_Coast,helianthi,,,
NSW1027504,S2193_2018-06-20,-30.008567,153.211991,popnInfo003138,S2193_2018-06-20,S2193_2018-06-20,S2193_2018-06-20,,,Red_Rock_Beach,North_Coast,helianthi,,,
NSW1027490,S2193_2018-06-20,-30.008391,153.212038,popnInfo003138,S2193_2018-06-20,S2193_2018-06-20,S2193_2018-06-20,,,Red_Rock_Beach,North_Coast,helianthi,,,
NSW1027489,S2193_2018-06-20,-30.008944,153.212301,popnInfo003138,S2193_2018-06-20,S2193_2018-06-20,S2193_2018-06-20,,,Red_Rock_Beach,North_Coast,helianthi,,,
NSW1045513,S2322_2018-08-01,-36.832952,149.933578,popnInfo003469,S2322_2018-08-01,S2322_2018-08-01,S2322_2018-08-01,,,Tura_Beach,South_Coast,helianthi,,,
NSW1045530,S2322_2018-08-01,-36.832801,149.933601,popnInfo003469,S2322_2018-08-01,S2322_2018-08-01,S2322_2018-08-01,,,Tura_Beach,South_Coast,helianthi,,,
NSW1045520,S2322_2018-08-01,-36.831919,149.933831,popnInfo003469,S2322_2018-08-01,S2322_2018-08-01,S2322_2018-08-01,,,Tura_Beach,South_Coast,helianthi,,,
NSW1045523,S2322_2018-08-01,-36.83242,149.933638,popnInfo003469,S2322_2018-08-01,S2322_2018-08-01,S2322_2018-08-01,,,Tura_Beach,South_Coast,helianthi,,,
NSW1045524,S2322_2018-08-01,-36.832798,149.933635,popnInfo003469,S2322_2018-08-01,S2322_2018-08-01,S2322_2018-08-01,S2322_2018-08-02,,Tura_Beach,South_Coast,helianthi,,,
NSW1045538,S2322_2018-08-01,-36.83315,149.933466,popnInfo003469,S2322_2018-08-01,S2322_2018-08-01,S2322_2018-08-01,,,Tura_Beach,South_Coast,helianthi,,,
NSW1028250,S2337_2018-08-02,-35.370279,150.474024,popnInfo003462,S2337_2018-08-02,S2337_2018-08-02,S2337_2018-08-02,,,Ulladulla,South_Coast,helianthi,,,
NSW1028245,S2337_2018-08-02,-35.37069,150.474056,popnInfo003462,S2337_2018-08-02,S2337_2018-08-02,S2337_2018-08-02,,,Ulladulla,South_Coast,helianthi,,,
NSW1028229,S2337_2018-08-02,-35.370131,150.474003,popnInfo003462,S2337_2018-08-02,S2337_2018-08-02,S2337_2018-08-02,,,Ulladulla,South_Coast,helianthi,,,
NSW1028248,S2337_2018-08-02,-35.369764,150.474188,popnInfo003462,S2337_2018-08-02,S2337_2018-08-02,S2337_2018-08-02,S2337_2018-08-03,,Ulladulla,South_Coast,helianthi,,,
NSW1028228,S2337_2018-08-02,-35.370012,150.474228,popnInfo003462,S2337_2018-08-02,S2337_2018-08-02,S2337_2018-08-02,,,Ulladulla,South_Coast,helianthi,,,
NSW1028234,S2337_2018-08-02,-35.370169,150.474055,popnInfo003462,S2337_2018-08-02,S2337_2018-08-02,S2337_2018-08-02,,,Ulladulla,South_Coast,helianthi,,,
NSW1035785,S1917_2018-05-15,-29.575164,150.57897,popnInfo003294,S1917_2018-05-15,S1917_2018-05-15,S1917_2018-05-15,,,Warialda,North_West,helianthi,,,
NSW1035788,S1917_2018-05-15,-29.575324,150.578819,popnInfo003294,S1917_2018-05-15,S1917_2018-05-15,S1917_2018-05-15,,,Warialda,North_West,helianthi,,,
NSW1035796,S1917_2018-05-15,-29.575475,150.579194,popnInfo003294,S1917_2018-05-15,S1917_2018-05-15,S1917_2018-05-15,,,Warialda,North_West,helianthi,,,
NSW1035792,S1917_2018-05-15,-29.575376,150.578837,popnInfo003294,S1917_2018-05-15,S1917_2018-05-15,S1917_2018-05-15,,,Warialda,North_West,helianthi,,,
NSW1035783,S1917_2018-05-15,-29.575581,150.579029,popnInfo003294,S1917_2018-05-15,S1917_2018-05-15,S1917_2018-05-15,S1917_2018-05-16,,Warialda,North_West,helianthi,,,
NSW1035791,S1917_2018-05-15,-29.575583,150.579093,popnInfo003294,S1917_2018-05-15,S1917_2018-05-15,S1917_2018-05-15,,,Warialda,North_West,helianthi,,,
NSW1012565,S17_2016-07-21,-33.475156,150.776567,popnInfo000529,S17_2016-07-21,S17_2016-07-21,S17_2016-07-21,,,Wheeny_Creak,Central_West,helianthi,,,
NSW1012491,S17_2016-07-21,-33.475079,150.776897,popnInfo000529,S17_2016-07-21,S17_2016-07-21,S17_2016-07-21,,,Wheeny_Creak,Central_West,helianthi,,,
NSW1012290,S17_2016-07-21,-33.47542,150.777294,popnInfo000529,S17_2016-07-21,S17_2016-07-21,S17_2016-07-21,,,Wheeny_Creak,Central_West,helianthi,,,
NSW1012291,S17_2016-07-21,-33.475536,150.77731,popnInfo000529,S17_2016-07-21,S17_2016-07-21,S17_2016-07-21,S17_2016-07-22,,Wheeny_Creak,Central_West,helianthi,,,
NSW1012490,S17_2016-07-21,-33.474914,150.776838,popnInfo000529,S17_2016-07-21,S17_2016-07-21,S17_2016-07-21,,,Wheeny_Creak,Central_West,helianthi,,,
NSW1012570,S17_2016-07-21,-33.475163,150.776562,popnInfo000529,S17_2016-07-21,S17_2016-07-21,S17_2016-07-21,,,Wheeny_Creak,Central_West,helianthi,,,
NSW1012329,S27_2016-03-18,-33.662607,150.611356,popnInfo001364,S27_2016-03-18,S27_2016-03-18,S27_2016-03-18,,,Winmalee,Central_West,helianthi,,,
NSW1012317,S27_2016-03-18,-33.66251,150.611193,popnInfo001364,S27_2016-03-18,S27_2016-03-18,S27_2016-03-18,,,Winmalee,Central_West,helianthi,,,
NSW1012316,S27_2016-03-18,-33.660812,150.614897,popnInfo001364,S27_2016-03-18,S27_2016-03-18,S27_2016-03-18,,,Winmalee,Central_West,helianthi,,,
NSW1012318,S27_2016-03-18,-33.661862,150.611507,popnInfo001364,S27_2016-03-18,S27_2016-03-18,S27_2016-03-18,,,Winmalee,Central_West,helianthi,,,
NSW1012330,S27_2016-03-18,-33.66073,150.615226,popnInfo001364,S27_2016-03-18,S27_2016-03-18,S27_2016-03-18,,,Winmalee,Central_West,helianthi,,,
NSW1012319,S27_2016-03-18,-33.660813,150.615524,popnInfo001364,S27_2016-03-18,S27_2016-03-18,S27_2016-03-18,,,Winmalee,Central_West,helianthi,,,
NSW1007434,Wooli_2015-11-10,-29.826948,153.272381,No_data,Wooli_2015-11-10,Wooli_2015-11-10,Wooli_2015-11-10,,,Wooli,North_Coast,helianthi,,,
NSW1007645,Wooli_2015-11-10,-29.827401,153.272785,No_data,Wooli_2015-11-10,Wooli_2015-11-10,Wooli_2015-11-10,Wooli_2015-11-11,,Wooli,North_Coast,helianthi,,,
NSW1007435,Wooli_2015-11-10,-29.826968,153.272276,No_data,Wooli_2015-11-10,Wooli_2015-11-10,Wooli_2015-11-10,,,Wooli,North_Coast,helianthi,,,
NSW1007643,Wooli_2015-11-10,-29.828001,153.27276,No_data,Wooli_2015-11-10,Wooli_2015-11-10,Wooli_2015-11-10,,,Wooli,North_Coast,helianthi,,,
NSW1007431,Wooli_2015-11-10,-29.826948,153.272148,No_data,Wooli_2015-11-10,Wooli_2015-11-10,Wooli_2015-11-10,,,Wooli,North_Coast,helianthi,,,
NSW1007647,Wooli_2015-11-10,-29.82778,153.272781,No_data,Wooli_2015-11-10,Wooli_2015-11-10,Wooli_2015-11-10,,,Wooli,North_Coast,helianthi,,,
NSW1032225,S2709_2018-11-08,-28.905999,150.824964,popnInfo003755,S2709_2018-11-08,S2709_2018-11-08,S2709_2018-11-08,,,Yetman,North_West,helianthi,,,
NSW1034439,S2709_2018-11-08,-28.90593,150.824971,popnInfo003755,S2709_2018-11-08,S2709_2018-11-08,S2709_2018-11-08,,,Yetman,North_West,helianthi,,,
NSW1032224,S2709_2018-11-08,-28.905834,150.824959,popnInfo003755,S2709_2018-11-08,S2709_2018-11-08,S2709_2018-11-08,,,Yetman,North_West,helianthi,,,
NSW1032172,S2709_2018-11-08,-28.906168,150.825673,popnInfo003755,S2709_2018-11-08,S2709_2018-11-08,S2709_2018-11-08,,,Yetman,North_West,helianthi,,,
NSW1032166,S2709_2018-11-08,-28.90568,150.824963,popnInfo003755,S2709_2018-11-08,S2709_2018-11-08,S2709_2018-11-08,,,Yetman,North_West,helianthi,,,
NSW1014660,S202_2016-04-16,-31.630067,152.826836,popnInfo000215,S202_2016-04-16,S202_2016-04-16,,,,,,helianthi,,,
NSW1014615,S202_2016-04-16,-31.630228,152.826737,popnInfo000215,S202_2016-04-16,S202_2016-04-16,,,,,,helianthi,,,
NSW1014689,S202_2016-04-16,-31.630412,152.827014,popnInfo000215,S202_2016-04-16,S202_2016-04-16,,,,,,helianthi,,,
NSW1014694,S202_2016-04-16,-31.630411,152.827014,popnInfo000215,S202_2016-04-16,S202_2016-04-16,,,,,,helianthi,,,
NSW1009857,Heathcote_National_Park_2016-03-18,-34.07523,151.00156,No_data,Heathcote_National_Park_2016-03-18,,,,,,,helianthi,,,
NSW1017952,S459_2017-05-27,-29.177119,153.390729,popnInfo1636,S459_2017-05-27,S291_2017-05-09,,,,,,helianthi,,,
NSW1020747,S291_2017-05-09,-31.284612,148.979435,popnInfo1488,S291_2017-05-09,,,,,,,helianthi,,,
NSW933200,S13_2016-07-23,-33.785033,150.612546,No_data,S13_2016-07-23,,,,,,,helianthi,,,
NSW1014630,S202_2016-04-16,-31.630078,152.826405,popnInfo000215,S202_2016-04-16,S202_2016-04-16,,,,,,helianthi,,,
NSW933199,S13_2016-07-23,-33.7851,150.612172,No_data,S13_2016-07-23,,,,,,,helianthi,,,
NSW1009860,Heathcote_National_Park_2016-03-18,-34.07519,151.00194,No_data,Heathcote_National_Park_2016-03-18,,,,,,,helianthi,,,
NSW1009859,Heathcote_National_Park_2016-03-18,-34.07525,151.00165,No_data,Heathcote_National_Park_2016-03-18,,,,,,,helianthi,,,
NSW1014620,S202_2016-04-16,-31.630132,152.826541,popnInfo000215,S202_2016-04-16,S202_2016-04-16,,,,,,helianthi,,,
NSW1009855,Heathcote_National_Park_2016-03-18,-34.0753,151.00179,No_data,Heathcote_National_Park_2016-03-18,,,,,,,helianthi,,,
NSW933202,S13_2016-07-23,-33.784882,150.612281,No_data,S13_2016-07-23,,,,,,,helianthi,,,
NSW1035050,North_1987-10-29,-29.62,150.6,No_data,North_1987-10-29,,,,,,,helianthi,,,
NSW1035534,Bigge_Range_1987-10-31,-24.8872222,149.4722222,No_data,Bigge_Range_1987-10-31,,,,,,,helianthi,,,
NSW1035030,Tura_Beach_1987-10-22,-36.8,149.87,No_data,Tura_Beach_1987-10-22,,,,,,,helianthi,,,
NSW1031634,No_data_No_data,No_data,No_data,No_data,No_data_No_data,,,,,,,helianthi,,,
NSW1035037,The_Summit_1987-10-27,-28.57,151.9,No_data,The_Summit_1987-10-27,,,,,,,helianthi,,,
NSW1035020,Tura_Beach_1987-10-28,-36.82,149.92,No_data,Tura_Beach_1987-10-28,,,,,,,helianthi,,,
NSW591103,Blue_Mountains_National_Park_2015-02-11,-33.78497,150.61218,No_data,Blue_Mountains_National_Park_2015-02-11,,,,,,,helianthi,,,
NSW1026961,S1062_2017-12-19,-32.312777,149.981977,popnInfo002265,S1062_2017-12-19,,,,,,,helianthi,,,
NSW1024074,Mt_Banks_BATS_Plot_XB_2017-05-29,-33.57912,150.36555,No_data,Mt_Banks_BATS_Plot_XB_2017-05-29,,,,,,,helianthi,,,
NSW1035041,Station_Creek_1987-10-24,-29.9197222,153.2625,No_data,Station_Creek_1987-10-24,,,,,,,helianthi,,,
NSW1035529,Lookout_1987-11-06,-25.4930556,148.8138889,No_data,Lookout_1987-11-06,,,,,,,helianthi,,,
NSW627629,Royal_National_Park_2015-01-22,-34.13878,151.119,No_data,Royal_National_Park_2015-01-22,,,,,,,helianthi,,,
NSW1023726,Mt_Banks_BATS_Plot_XB_2017-05-29,-33.57912,150.36555,No_data,Mt_Banks_BATS_Plot_XB_2017-05-29,,,,,,,helianthi,,,
NSW1023458,Mt_Banks_BATS_Plot_XB_2017-05-29,-33.57912,150.36555,No_data,Mt_Banks_BATS_Plot_XB_2017-05-29,,,,,,,helianthi,,,
NSW1026946,S1062_2017-12-19,-32.314049,149.982183,popnInfo002265,S1062_2017-12-19,,,,,,,helianthi,,,
NSW1031635,No_data_No_data,No_data,No_data,No_data,No_data_No_data,,,,,,,helianthi,,,
NSW1035544,Sassafras_1987-11-08,-35.0833,150.1417,No_data,Sassafras_1987-11-08,,,,,,,helianthi,,,
NSW1023605,Mt_Banks_BATS_Plot_XB_2017-05-29,-33.57912,150.36555,No_data,Mt_Banks_BATS_Plot_XB_2017-05-29,,,,,,,helianthi,,,
NSW1031640,No_data_No_data,No_data,No_data,No_data,No_data_No_data,,,,,,,helianthi,,,
NSW1031639,Mountain_Lagoon_Fire_Trail_2008-04-01,-33.44694444,150.6425,No_data,Mountain_Lagoon_Fire_Trail_2008-04-01,,,,,,,helianthi,,,
NSW1035539,Lost_Outcrop_1987-11-01,-28.6083,151.8411,No_data,Lost_Outcrop_1987-11-01,,,,,,,helianthi,,,
NSW1031641,Kurrajong_Heights_2007-10-01,-33.51888889,150.6202778,No_data,Kurrajong_Heights_2007-10-01,,,,,,,helianthi,,,
NSW1035549,Spyglass_Rock_1987-10-30,-24.8208333,147.1844444,No_data,Spyglass_Rock_1987-10-30,,,,,,,helianthi,,,
NSW1035025,Spotted_Gum_Fire_Trail_1987-10-26,-35.1333333,150.42,No_data,Spotted_Gum_Fire_Trail_1987-10-26,,,,,,,helianthi,,,
NSW1026966,S1062_2017-12-19,-32.312614,149.982295,popnInfo002265,S1062_2017-12-19,,,,,,,helianthi,,,
NSW1035045,Howell_1987-11-03,-29.95,151.02,No_data,Howell_1987-11-03,,,,,,,helianthi,,,
NSW1035046,Camden_Haven_1987-10-23,-31.6472222,152.8366667,No_data,Camden_Haven_1987-10-23,,,,,,,helianthi,,,
NSW1035040,Blackmans_Mountain_1987-11-02,-31.3,149.05,No_data,Blackmans_Mountain_1987-11-02,,,,,,,helianthi,,,
NSW1031646,No_data_No_data,No_data,No_data,No_data,No_data_No_data,,,,,,,helianthi,,,
NSW1035524,Pigeon_House_Range_1987-11-07,-35.07,150.13,No_data,Pigeon_House_Range_1987-11-07,,,,,,,helianthi,,,
NSW1035036,Lakes_Way_1987-10-25,-32.2594444,152.5319444,No_data,Lakes_Way_1987-10-25,,,,,,,helianthi,,,
NSW1035031,Christmas_Bell_Plain_1987-11-05,-31.53422,152.86483,No_data,Christmas_Bell_Plain_1987-11-05,,,,,,,helianthi,,,
NSW1156870,NSP22_1_22MJ,-33.4098,150.2284,1,NSP22_1_22MJ,NSP22_1_22MJ,,NSP22_1_22MJ,Northern_forsythii,Newnes_State_Park,,forsythii,5,NSP22_1_22MJ5,
NSW1156921,NSP22_1_22MJ,-33.4098,150.2284,1,NSP22_1_22MJ,NSP22_1_22MJ,,,,Newnes_State_Park,,forsythii,2,NSP22_1_22MJ2,
NSW1156946,NSP22_1_22MJ,-33.4098,150.2284,1,NSP22_1_22MJ,NSP22_1_22MJ,,,,Newnes_State_Park,,forsythii,3,NSP22_1_22MJ3,
NSW1156920,NSP22_1_22MJ,-33.4098,150.2284,1,NSP22_1_22MJ,NSP22_1_22MJ,,NSP22_1_22MJ,Northern_forsythii,Newnes_State_Park,,forsythii,3,NSP22_1_22MJ3,
NSW1156886,NSP22_1_22MJ,-33.4098,150.2284,1,NSP22_1_22MJ,NSP22_1_22MJ,,,,Newnes_State_Park,,forsythii,5,NSP22_1_22MJ5,
NSW1156947,NSP22_1_22MJ,-33.4098,150.2284,1,NSP22_1_22MJ,NSP22_1_22MJ,,,,Newnes_State_Park,,forsythii,5,NSP22_1_22MJ5,
NSW1156884,NSP22_1_22MJ,-33.4098,150.2284,1,NSP22_1_22MJ,NSP22_1_22MJ,,NSP22_1_22MJ,Northern_forsythii,Newnes_State_Park,,forsythii,6,NSP22_1_22MJ6,
NSW1156915,NSP22_1_22MJ,-33.4098,150.2284,1,NSP22_1_22MJ,NSP22_1_22MJ,,,,Newnes_State_Park,,forsythii,6,NSP22_1_22MJ6,
NSW1158521,NSP22_1_22MJ,-33.4098,150.2284,1,NSP22_1_22MJ,NSP22_1_22MJ,,,,Newnes_State_Park,,forsythii,6,NSP22_1_22MJ6,
NSW1158520,NSP22_1_22MJ,-33.4098,150.2284,1,NSP22_1_22MJ,NSP22_1_22MJ,,,,Newnes_State_Park,,forsythii,6,NSP22_1_22MJ6,
NSW1158522,NSP22_1_22MJ,-33.4098,150.2284,1,NSP22_1_22MJ,NSP22_1_22MJ,,,,Newnes_State_Park,,forsythii,6,NSP22_1_22MJ6,
NSW1156875,IK8_10_21MJ,-33.5555,150.2782,1,IK8_10_21MJ,IK8_10_21MJ,,IK8_10_21MJ,Northern_forsythii,Ikara,,forsythii,1,IK8_10_21MJ1,
NSW1156945,IK8_10_21MJ,-33.5555,150.2782,1,IK8_10_21MJ,IK8_10_21MJ,,,,Ikara,,forsythii,1,IK8_10_21MJ1,
NSW1156935,IK8_10_21MJ,-33.5555,150.2782,1,IK8_10_21MJ,IK8_10_21MJ,,,,Ikara,,forsythii,1,IK8_10_21MJ1,
NSW1156934,IK8_10_21MJ,-33.5555,150.2782,1,IK8_10_21MJ,IK8_10_21MJ,,,,Ikara,,forsythii,1,IK8_10_21MJ1,
NSW1156931,IK8_10_21MJ,-33.5555,150.2782,1,IK8_10_21MJ,IK8_10_21MJ,,,,Ikara,,forsythii,1,IK8_10_21MJ1,
NSW1158529,IK8_10_21MJ,-33.5555,150.2782,1,IK8_10_21MJ,IK8_10_21MJ,,,,Ikara,,forsythii,1,IK8_10_21MJ1,
NSW1158528,IK8_10_21MJ,-33.5555,150.2782,1,IK8_10_21MJ,IK8_10_21MJ,,,,Ikara,,forsythii,1,IK8_10_21MJ1,
NSW1158542,IK8_10_21MJ,-33.5555,150.2782,1,IK8_10_21MJ,IK8_10_21MJ,,IK8_10_21MJ,Northern_forsythii,Ikara,,forsythii,2,IK8_10_21MJ2,
NSW1156932,IK24_1_22MJ,-33.5555,150.2782,1,IK24_1_22MJ,IK24_1_22MJ,,,,Ikara,,forsythii,1,IK24_1_22MJ1,
NSW1158541,IK24_1_22MJ,-33.5555,150.2782,1,IK24_1_22MJ,IK24_1_22MJ,,,,Ikara,,forsythii,1,IK24_1_22MJ1,
NSW1156885,IK24_1_22MJ,-33.5555,150.2782,1,IK24_1_22MJ,IK24_1_22MJ,,,,Ikara,,forsythii,2,IK24_1_22MJ2,
NSW1156940,IK24_1_22MJ,-33.5555,150.2782,1,IK24_1_22MJ,IK24_1_22MJ,,,,Ikara,,forsythii,2,IK24_1_22MJ2,
NSW1156887,IK24_1_22MJ,-33.5555,150.2782,1,IK24_1_22MJ,IK24_1_22MJ,,IK24_1_22MJ,Northern_forsythii,Ikara,,forsythii,3,IK24_1_22MJ3,
NSW1156891,NN25_1_22MJ,-33.7315,150.2841,1,NN25_1_22MJ,NN25_1_22MJ,,,,Narrow_Neck,,forsythii,3,NN25_1_22MJ3,
NSW1156930,IK24_1_22MJ,-33.5555,150.2782,1,IK24_1_22MJ,IK24_1_22MJ,,,,Ikara,,forsythii,3,IK24_1_22MJ3,
NSW1156876,KA17_11_21MJ,-33.9873,150.1153,1,KA17_11_21MJ,KA17_11_21MJ,,,,Kanangra,,forsythii,1,KA17_11_21MJ1,
NSW1156912,KA17_11_21MJ,-33.9873,150.1153,1,KA17_11_21MJ,KA17_11_21MJ,,,,Kanangra,,forsythii,1,KA17_11_21MJ1,
NSW1156894,KA17_11_21MJ,-33.9873,150.1153,1,KA17_11_21MJ,KA17_11_21MJ,,,,Kanangra,,forsythii,1,KA17_11_21MJ1,
NSW1156924,KA17_11_21MJ,-33.9873,150.1153,1,KA17_11_21MJ,KA17_11_21MJ,,,,Kanangra,,forsythii,1,KA17_11_21MJ1,
NSW1156922,KA17_11_21MJ,-33.9873,150.1153,1,KA17_11_21MJ,KA17_11_21MJ,,KA17_11_21MJ,Kanangra_forsythii,Kanangra,,forsythii,1,KA17_11_21MJ1,
NSW1158527,KA17_11_21MJ,-33.9873,150.1153,1,KA17_11_21MJ,KA17_11_21MJ,,,,Kanangra,,forsythii,1,KA17_11_21MJ1,
NSW1156872,KA17_11_21MJ,-33.9873,150.1153,1,KA17_11_21MJ,KA17_11_21MJ,,,,Kanangra,,forsythii,2,KA17_11_21MJ2,
NSW1156866,KA17_11_21MJ,-33.9873,150.1153,1,KA17_11_21MJ,KA17_11_21MJ,,,,Kanangra,,forsythii,2,KA17_11_21MJ2,
NSW1156919,KA17_11_21MJ,-33.9873,150.1153,1,KA17_11_21MJ,KA17_11_21MJ,,,,Kanangra,,forsythii,3,KA17_11_21MJ3,
NSW1156871,KA17_11_21MJ,-33.9873,150.1153,1,KA17_11_21MJ,KA17_11_21MJ,,,,Kanangra,,forsythii,4,KA17_11_21MJ4,
NSW1156867,KA17_11_21MJ,-33.9873,150.1153,1,KA17_11_21MJ,KA17_11_21MJ,,,,Kanangra,,forsythii,4,KA17_11_21MJ4,
NSW1156877,KA17_11_21MJ,-33.9873,150.1153,1,KA17_11_21MJ,KA17_11_21MJ,,,,Kanangra,,forsythii,5,KA17_11_21MJ5,
NSW1156911,KA17_11_21MJ,-33.9873,150.1153,1,KA17_11_21MJ,KA17_11_21MJ,,,,Kanangra,,forsythii,5,KA17_11_21MJ5,
NSW1158526,KA17_11_21MJ,-33.9873,150.1153,1,KA17_11_21MJ,KA17_11_21MJ,,KA17_11_21MJ,Kanangra_forsythii,Kanangra,,forsythii,5,KA17_11_21MJ5,
NSW1158525,KA17_11_21MJ,-33.9873,150.1153,1,KA17_11_21MJ,KA17_11_21MJ,,,,Kanangra,,forsythii,5,KA17_11_21MJ5,
NSW1158524,KA17_11_21MJ,-33.9873,150.1153,1,KA17_11_21MJ,KA17_11_21MJ,,,,Kanangra,,forsythii,5,KA17_11_21MJ5,
NSW1156880,KA17_11_21MJ,-33.9873,150.1153,1,KA17_11_21MJ,KA17_11_21MJ,,,,Kanangra,,forsythii,6,KA17_11_21MJ6,
NSW1156890,KA17_11_21MJ,-33.9873,150.1153,1,KA17_11_21MJ,KA17_11_21MJ,,,,Kanangra,,forsythii,7,KA17_11_21MJ7,
NSW1156899,KA17_11_21MJ,-33.9873,150.1153,1,KA17_11_21MJ,KA17_11_21MJ,,,,Kanangra,,forsythii,3,KA17_11_21MJ3,
NSW1156939,KA17_11_21MJ,-33.9873,150.1153,1,KA17_11_21MJ,KA17_11_21MJ,,KA17_11_21MJ,Kanangra_forsythii,Kanangra,,forsythii,7,KA17_11_21MJ7,
NSW1156881,BRW22_12_22MJ,-35.0774,150.2033,1,BRW22_12_22MJ,BRW22_12_22MJ,,,,Braidwood_Rd_West,,forsythii,1,BRW22_12_22MJ1,
NSW1156936,BRW22_12_22MJ,-35.0774,150.2033,1,BRW22_12_22MJ,BRW22_12_22MJ,,BRW22_12_22MJ,Southern_forsythii,Braidwood_Rd_West,,forsythii,1,BRW22_12_22MJ1,
NSW1158523,BRW22_12_22MJ,-35.0774,150.2033,1,BRW22_12_22MJ,BRW22_12_22MJ,,,,Braidwood_Rd_West,,forsythii,2,BRW22_12_22MJ2,
NSW1156900,BRW22_12_22MJ,-35.0774,150.2033,1,BRW22_12_22MJ,BRW22_12_22MJ,,,,Braidwood_Rd_West,,forsythii,3,BRW22_12_22MJ3,
NSW1156929,BRW22_12_22MJ,-35.0774,150.2033,1,BRW22_12_22MJ,BRW22_12_22MJ,,,,Braidwood_Rd_West,,forsythii,3,BRW22_12_22MJ3,
NSW1156889,BRW22_12_22MJ,-35.0774,150.2033,1,BRW22_12_22MJ,BRW22_12_22MJ,,,,Braidwood_Rd_West,,forsythii,4,BRW22_12_22MJ4,
NSW1156916,BRW22_12_22MJ,-35.0774,150.2033,1,BRW22_12_22MJ,BRW22_12_22MJ,,BRW22_12_22MJ,Southern_forsythii,Braidwood_Rd_West,,forsythii,4,BRW22_12_22MJ4,
NSW1156874,BRE22_12_22MJ,-35.0893,150.1431,1,BRE22_12_22MJ,BRE22_12_22MJ,,,,Braidwood_Rd_East,,forsythii,3,BRE22_12_22MJ3,
NSW1156944,BRE22_12_22MJ,-35.0893,150.1431,1,BRE22_12_22MJ,BRE22_12_22MJ,,,,Braidwood_Rd_East,,forsythii,3,BRE22_12_22MJ3,
NSW1156869,BRE22_12_22MJ,-35.0893,150.1431,1,BRE22_12_22MJ,BRE22_12_22MJ,,,,Braidwood_Rd_East,,forsythii,4,BRE22_12_22MJ4,
NSW1156865,BRE22_12_22MJ,-35.0893,150.1431,1,BRE22_12_22MJ,BRE22_12_22MJ,,,,Braidwood_Rd_East,,forsythii,4,BRE22_12_22MJ4,
NSW1156882,BRE22_12_22MJ,-35.0893,150.1431,1,BRE22_12_22MJ,BRE22_12_22MJ,,BRE22_12_22MJ,Southern_forsythii,Braidwood_Rd_East,,forsythii,5,BRE22_12_22MJ5,
NSW1156917,BRE22_12_22MJ,-35.0893,150.1431,1,BRE22_12_22MJ,BRE22_12_22MJ,,,,Braidwood_Rd_East,,forsythii,5,BRE22_12_22MJ5,
NSW1158539,BRE22_12_22MJ,-35.0893,150.1431,1,BRE22_12_22MJ,BRE22_12_22MJ,,,,Braidwood_Rd_East,,forsythii,,,check_family
NSW1156901,NN31_3_21GT,-33.7315,150.2841,1,NN31_3_21GT,NN31_3_21GT,,,,Narrow_Neck,,forsythii,1,NN31_3_21GT1,
NSW1156892,NN11_2_21L,-33.7343,150.2823,1,NN11_2_21L,NN11_2_21L,,,,Narrow_Neck,,forsythii,1,NN11_2_21L1,
NSW1156914,NN11_2_21L,-33.7343,150.2823,1,NN11_2_21L,NN11_2_21L,,,,Narrow_Neck,,forsythii,1,NN11_2_21L1,
NSW1156910,NN11_2_21L,-33.7343,150.2823,1,NN11_2_21L,NN11_2_21L,,,,Narrow_Neck,,forsythii,1,NN11_2_21L1,
NSW1156904,NN11_2_21L,-33.7343,150.2823,1,NN11_2_21L,NN11_2_21L,,,,Narrow_Neck,,forsythii,1,NN11_2_21L1,
NSW1156927,NN11_2_21L,-33.7343,150.2823,1,NN11_2_21L,NN11_2_21L,,,,Narrow_Neck,,forsythii,1,NN11_2_21L1,
NSW1158519,NN11_2_21L,-33.7343,150.2823,1,NN11_2_21L,NN11_2_21L,,,,Narrow_Neck,,forsythii,1,NN11_2_21L1,
NSW1156879,BU2_3_21L,-34.6843,150.2962,1,BU2_3_21L,BU2_3_21L,,,,Bundanoon,,forsythii,1,BU2_3_21L1,
NSW1156906,BU2_3_21L,-34.6843,150.2962,1,BU2_3_21L,BU2_3_21L,,BU2_3_21L,Southern_forsythii,Bundanoon,,forsythii,1,BU2_3_21L1,
NSW1156902,BU2_3_21L,-34.6843,150.2962,1,BU2_3_21L,BU2_3_21L,,,,Bundanoon,,forsythii,1,BU2_3_21L1,
NSW1156895,BU2_3_21L,-34.6843,150.2962,1,BU2_3_21L,BU2_3_21L,,,,Bundanoon,,forsythii,1,BU2_3_21L1,
NSW1156896,S2_3_21L,-35.0732,150.1983,1,S2_3_21L,S2_3_21L,,,,Sassafrass,,forsythii,1,S2_3_21L1,
NSW1156909,S2_3_21L,-35.0732,150.1983,1,S2_3_21L,S2_3_21L,,,,Sassafrass,,forsythii,1,S2_3_21L1,
NSW1156907,S2_3_21L,-35.0732,150.1983,1,S2_3_21L,S2_3_21L,,,,Sassafrass,,forsythii,1,S2_3_21L1,
NSW1156864,S2_3_21L,-35.0732,150.1983,1,S2_3_21L,S2_3_21L,,S2_3_21L,Southern_forsythii,Sassafrass,,forsythii,1,S2_3_21L1,
NSW1156926,S2_3_21L,-35.0732,150.1983,1,S2_3_21L,S2_3_21L,,,,Sassafrass,,forsythii,1,S2_3_21L1,
NSW1158518,S2_3_21L,-35.0732,150.1983,1,S2_3_21L,S2_3_21L,,,,Sassafrass,,forsythii,1,S2_3_21L1,
NSW1158540,S2_3_21L,-35.0732,150.1983,1,S2_3_21L,S2_3_21L,,,,Sassafrass,,forsythii,1,S2_3_21L11,
NSW1156897,L10_3_21L,-33.4442,150.1799,1,L10_3_21L,L10_3_21L,,,,Lithgow,,forsythii,1,L10_3_21L1,
NSW1156905,L10_3_21L,-33.4442,150.1799,1,L10_3_21L,L10_3_21L,,,,Lithgow,,forsythii,1,L10_3_21L1,
NSW1156942,L10_3_21L,-33.4442,150.1799,1,L10_3_21L,L10_3_21L,,L10_3_21L,Northern_forsythii,Lithgow,,forsythii,1,L10_3_21L1,
NSW1156937,L10_3_21L,-33.4442,150.1799,1,L10_3_21L,L10_3_21L,,,,Lithgow,,forsythii,1,L10_3_21L1,
NSW1156925,L10_3_21L,-33.4442,150.1799,1,L10_3_21L,L10_3_21L,,,,Lithgow,,forsythii,1,L10_3_21L1,
NSW1156941,L10_3_21L,-33.4442,150.1799,1,L10_3_21L,L10_3_21L,,,,Lithgow,,forsythii,1,L10_3_21L1,
NSW1166678,Minor_WogWog,-33.4442,150.1799,1,,,,,,,,minor,,,
NSW1158530,spike_NSW1156886,-33.4442,150.1799,1,,,,,,,,forsythii,,,
NSW1158778,Bungleboori_Creek.,-34.2881,150.3406,1,,,,,,,,forsythii,,,
NSW1158775,Narrow_Neck,-33.75,150.27,1,,,,,,,,forsythii,,,
NSW1158793,"Sassafras,_Boolijah_Creek.",-35.1167,150.3008,1,,,,,,,,forsythii,,,
NSW1158781,Pigeon_House_Range.,-35.35,150.27,1,,,,,,,,forsythii,,,
NSW1158794,Katoomba,-33.72,150.32,1,,,,,,,,forsythii,,,
NSW1158776,Mount_Hay,-33.67,150.35,1,,,,,,,,forsythii,,,
NSW1158794,"Middle_Caves,_Northern_Budawang.",-35.3468,150.1039,1,,,,,,,,forsythii,,,
NSW1158790,Hargraves_Lookout,-33.6761,150.2425,1,,,,,,,,forsythii,,,
NSW1158774,Hargraves_Lookout,-33.6792,150.2417,1,,,,,,,,forsythii,,,
NSW1158779,Tianjara_Falls,-35.1139,150.3111,1,,,,,,,,forsythii,,,
NSW1158787,Narrow_Neck,-33.7271,150.2908,1,,,,,,,,forsythii,,,
NSW1158788,Narrow_Neck,-33.7271,150.2908,1,,,,,,,,forsythii,,,
NSW1158784,Narrow_Neck,-33.7271,150.2908,1,,,,,,,,forsythii,,,
NSW1158782,Narrow_Neck,-33.7271,150.2908,1,,,,,,,,forsythii,,,
NSW1156928,Narrow_Neck,-33.7327,150.2841,1,,,,,,,,forsythii,,,
NSW1156868,Narrow_Neck,-33.7327,150.2841,1,BGNN,Narrow_Neck,,,,Narrow_Neck,,forsythii,,,
NSW1156918,Narrow_Neck,-33.7327,150.2841,1,,,,,,,,forsythii,,,
NSW1156938,Narrow_Neck,-33.7327,150.2841,1,BGNN,Narrow_Neck,,,,Narrow_Neck,,forsythii,,,
NSW1156913,Narrow_Neck,-33.7327,150.2841,1,,,,,,,,forsythii,,,
NSW1156923,Narrow_Neck,-33.7327,150.2841,1,,,,,,,,forsythii,,,
NSW1156933,Narrow_Neck,-33.7327,150.2841,1,,,,,,,,forsythii,,,
NSW1156893,Narrow_Neck,-33.7327,150.2841,1,BGNN,Narrow_Neck,,,,Narrow_Neck,,forsythii,,,
NSW1156943,Narrow_Neck,-33.7327,150.2841,1,BGNN,Narrow_Neck,,,,Narrow_Neck,,forsythii,,,
NSW1156898,Narrow_Neck,-33.7327,150.2841,1,BGNN,Narrow_Neck,,,,Narrow_Neck,,forsythii,,,
NSW1156908,Narrow_Neck,-33.7327,150.2841,1,BGNN,Narrow_Neck,,,,Narrow_Neck,,forsythii,,,
NSW1156903,NSW1156873,-33.7327,150.2841,1,BGNN,Narrow_Neck,,,,Narrow_Neck,,forsythii,,,
NSW1156883,Narrow_Neck,-33.7327,150.2841,1,BGNN,Narrow_Neck,,,,Narrow_Neck,,forsythii,,,
NSW1156873,Narrow_Neck,-33.7327,150.2841,1,BGNN,Narrow_Neck,,,,Narrow_Neck,,forsythii,,,
NSW1156878,Narrow_Neck,-33.7327,150.2841,1,BGNN,Narrow_Neck,,,,Narrow_Neck,,forsythii,,,
NSW1156863,Narrow_Neck,-33.7327,150.2841,1,BGNN,Narrow_Neck,,,,Narrow_Neck,,forsythii,,,
NSW1156888,Narrow_Neck,-33.7327,150.2841,1,BGNN,Narrow_Neck,,,,Narrow_Neck,,forsythii,,,
NSW812943,Maroota_(minor),-33.4221,150.99316,1,,,,Maroota,Minor,Maroota,,minor,,,
NSW1166680,Alpine_NP_Vic,-37.05833,148.0611,1,,Alpine_NP_Vic,,Alpine_NP_Vic,Vic_forsythii,Alpine_NP_Vic,,forsythii,,,check_lat/long
NSW1016537,Evans_Lookout(minor),-33.64788,150.31958,1,,,,,,,,minor,,,
NSW812841,Terry_Hills_(minor),-33.67367,151.20856,1,,,,Terry_Hills,Minor,Terry_Hills,,minor,,,
NSW814075,Ku-ring-gai_Chase_(minor),-33.58846,151.28337,1,,,,Ku-ring-gai_Chase,Minor,Ku-ring-gai_Chase,,minor,,,
NSW1166681,Alpine_NP_Vic,-37.05833,148.0611,1,,Alpine_NP_Vic,,Alpine_NP_Vic,Vic_forsythii,Alpine_NP_Vic,,forsythii,,,
NSW814224,Mount_Colah_(minor),-33.67424,151.1358,1,,,,Mount_Colah,Minor,Mount_Colah,,minor,,,
NSW1166679,Alpine_NP_Vic,-37.0569,148.0588,1,,Alpine_NP_Vic,,Alpine_NP_Vic,Vic_forsythii,Alpine_NP_Vic,,forsythii,,,
